user_1,heathermoore@johnson.com,Miranda Miller,1957-08-27,Brittany Forge Apt. 718 East Eric  WV 97881,+1-652-450-5443x00562
user_2,holly@welch.org,Holly Pollard,1990-10-19,1 Amanda Freeway Lisaland  NJ 94933,600-192-2985x041
user_3,julia.h.24@gmail.com,Julia Hall,1927-08-24,Rodriguez Track East Connorfort  NC 63144,1248361783
user_4,franklin.b@gibson.biz,Franklin Barnett,2020-03-01,Richard Curve Kingstad  AZ 05660,(224)497-9312
user_5,4kelly@yahoo.com,April Kelly,1967-12-01,Schmidt Key Lake Charles  AL 36174,410.138.1816x98702
user_6,steven.web@johnson.com,Steven Webb,1955-04-24,5 Joanna Key Suite 704 Frankshire  OK 03035,3666519376
user_7,Jessica_Torres@morris.com,Jessica Torres,1958-09-03,1 Payne Circle Mitchellfort  LA 73053,535-357-3112x4903
user_8,brettglenn@gmail.com,Brett Glenn,1992-09-03,Weber Unions Eddieland  MT 64619,660.391.3730
user_9,veronica.j@yahoo.com,Veronica Jordan,1947-06-08,2 Klein Mission New Annetteton  HI 05775,810-252-6218
user_10,steven@phelps-craig.info,Steven Brooks,1954-06-14,1 Vanessa Stravenue Suite 184 Baileyville  NY 46381,+1-665-328-8103x3448
user_11,ReginaldTheMan@hotmail.com,Reginald Mccullough,1915-04-12,John Garden Port John  LA 54602,030.088.4523x94511
user_12,Jennifer.f@carroll-acosta.com,Jennifer Foster,1988-04-30,11 Webb Groves Tiffanyside  MN 14566,(489)306-8558x98227
user_13,Philip66@yahoo.com,Philip Garcia,1955-12-01,70 Robinson Locks Suite 113 East Veronica  ND 87845,490-088-7610x9437
user_14,Ann@hernandez.com,Ann Williams,1947-05-28,24 Mcknight Port Apt. 028 Sarahborough  MD 38195,868.057.4056x4814
user_15,Jessica@turner.com,Jessica Stewart,1951-11-28,0337 Mason Corner Apt. 900 Toddmouth  FL 61464,(335)408-3835x883
user_16,Sandra311@hotmail.com,Sandra Dougherty,1908-06-03,7 Davis Station Apt. 691 Pittmanfort  HI 29746,+1-189-827-0744x27614
user_17,Sharon91@gmail.com,Sharon Mccoy,1958-09-01,1 Southport Street Apt. 098 Westport  KY 85907,(814)898-9079x898
user_18,Sharon91+001@gmail.com,Kathryn Miller,1958-09-01,1 Southport Street Apt. 098 Westport  KY 85907,(814)898-9079x898
user_19,brettglenn@googlemail.com,Bretty Glenn,1991-09-03,Weber Unions Eddieland  MT 64619,660-391-3730
user_20,julia.h.24@yahoo.com,Julia H.,1927-08-24,Rodriguez Track East Connorfort NC 63144,1248361783
user_21,holly@welch.org,Holly,0000-10-19,1 Amanda Freeway Lisaland  NJ 94933,(600)-192-2985
user_22,veronica.j@yahoo.com,Veronica Jordan,0000-06-08,HI 05775,(810)-252-6218
